{"cameraMode":{"drawMode":0,"name":"Shaded","section":"Shading Mode"},"sceneLighting":false,"audioPlay":false,"sceneViewState":{"showFog":true,"showMaterialUpdate":false,"showSkybox":true,"showFlares":true,"showImageEffects":true,"showParticleSystems":true},"in2DMode":false,"pivot":{"x":-1.5889999866485596,"y":1.0,"z":-3.6034998893737795},"rotation":{"x":-0.07917183637619019,"y":-0.11725616455078125,"z":0.009377995505928994,"w":-0.9898964166641235},"size":0.511577308177948,"orthographic":false}