{"cameraMode":{"drawMode":0,"name":"Shaded","section":"Shading Mode"},"sceneLighting":true,"audioPlay":false,"sceneViewState":{"showFog":true,"showMaterialUpdate":false,"showSkybox":true,"showFlares":true,"showImageEffects":true,"showParticleSystems":true},"in2DMode":false,"pivot":{"x":-11.928343772888184,"y":-0.301334023475647,"z":-2.9718804359436037},"rotation":{"x":-0.2466680407524109,"y":-0.022678418084979059,"z":0.005773886106908321,"w":-0.9688175320625305},"size":15.625537872314454,"orthographic":false}